exp_id,expression
54a309ae1c61be23aba0da53,amusement
54a309ae1c61be23aba0da54,anger
54a309ae1c61be23aba0da55,contempt
54a309ae1c61be23aba0da56,contentment
54a309ae1c61be23aba0da57,disgust
54a309ae1c61be23aba0da58,embarrassment
54a309ae1c61be23aba0da59,excitement
54a309ae1c61be23aba0da5a,fear
54a309ae1c61be23aba0da5b,guilt
54a309ae1c61be23aba0da5c,happiness
54a309ae1c61be23aba0da5d,pleasure
54a309ae1c61be23aba0da5e,pride
54a309ae1c61be23aba0da5f,relief
54a309ae1c61be23aba0da60,sadness
54a309ae1c61be23aba0da61,satisfaction
54a309ae1c61be23aba0da62,shame
54a309ae1c61be23aba0da63,surprise
